level_m_asl,area_km2,volume_mcm,dem_source
836.00,0.0000,0.0000,copernicus_glo30
836.50,0.0066,0.0000,copernicus_glo30
837.00,0.0256,0.0033,copernicus_glo30
837.50,0.0456,0.0161,copernicus_glo30
838.00,0.1225,0.0389,copernicus_glo30
838.50,0.1500,0.1002,copernicus_glo30
839.00,0.1785,0.1752,copernicus_glo30
839.50,0.2060,0.2652,copernicus_glo30
840.00,0.2421,0.3687,copernicus_glo30
840.50,0.2573,0.4906,copernicus_glo30
841.00,0.2801,0.6218,copernicus_glo30
841.50,0.2981,0.7640,copernicus_glo30
842.00,0.3275,0.9167,copernicus_glo30
842.50,0.3560,1.0847,copernicus_glo30
843.00,0.3949,1.2677,copernicus_glo30
843.50,0.4310,1.4717,copernicus_glo30
844.00,0.4756,1.6942,copernicus_glo30
844.50,0.5297,1.9422,copernicus_glo30
845.00,0.5905,2.2192,copernicus_glo30
845.50,0.6446,2.5264,copernicus_glo30
846.00,0.6921,2.8564,copernicus_glo30
846.50,0.7585,3.2137,copernicus_glo30
847.00,0.8316,3.6072,copernicus_glo30
847.50,0.8905,4.0346,copernicus_glo30
848.00,0.9598,4.4934,copernicus_glo30
848.50,1.0281,4.9881,copernicus_glo30
849.00,1.0955,5.5153,copernicus_glo30
849.50,1.1772,6.0789,copernicus_glo30
850.00,1.2512,6.6813,copernicus_glo30
850.50,1.3310,7.3242,copernicus_glo30
851.00,1.4259,8.0108,copernicus_glo30
851.50,1.4961,8.7398,copernicus_glo30
852.00,1.5702,9.5017,copernicus_glo30
852.50,1.6414,10.3035,copernicus_glo30
853.00,1.7145,11.1394,copernicus_glo30
853.50,1.7752,12.0098,copernicus_glo30
854.00,1.8512,12.9135,copernicus_glo30
854.50,1.9309,13.8564,copernicus_glo30
855.00,2.0401,14.8454,copernicus_glo30
855.50,2.1151,15.8818,copernicus_glo30
856.00,2.2110,16.9601,copernicus_glo30
856.50,2.2803,18.0824,copernicus_glo30
857.00,2.3610,19.2389,copernicus_glo30
857.50,2.4540,20.4400,copernicus_glo30
858.00,2.5489,21.6886,copernicus_glo30
858.50,2.6344,22.9821,copernicus_glo30
859.00,2.7255,24.3219,copernicus_glo30
859.50,2.8110,25.7035,copernicus_glo30
860.00,2.9087,27.1276,copernicus_glo30
860.50,3.0027,28.6032,copernicus_glo30
861.00,3.1015,30.1283,copernicus_glo30
861.50,3.2040,31.7022,copernicus_glo30
862.00,3.3037,33.3249,copernicus_glo30
862.50,3.3910,34.9973,copernicus_glo30
863.00,3.4973,36.7155,copernicus_glo30
863.50,3.5875,38.4842,copernicus_glo30
864.00,3.7147,40.3050,copernicus_glo30
864.50,3.8381,42.1893,copernicus_glo30
865.00,3.9464,44.1349,copernicus_glo30
865.50,4.0584,46.1345,copernicus_glo30
866.00,4.1770,48.1899,copernicus_glo30
866.50,4.3166,50.3082,copernicus_glo30
867.00,4.4410,52.4930,copernicus_glo30
867.50,4.5663,54.7448,copernicus_glo30
868.00,4.7096,57.0612,copernicus_glo30
868.50,4.8615,59.4522,copernicus_glo30
869.00,5.0077,61.9150,copernicus_glo30
869.50,5.1530,64.4500,copernicus_glo30
870.00,5.3058,67.0606,copernicus_glo30
870.50,5.4786,69.7512,copernicus_glo30
871.00,5.6419,72.5291,copernicus_glo30
871.50,5.8042,75.3878,copernicus_glo30
872.00,5.9504,78.3257,copernicus_glo30
872.50,6.1137,81.3421,copernicus_glo30
873.00,6.2865,84.4407,copernicus_glo30
873.50,6.4611,87.6238,copernicus_glo30
874.00,6.6576,90.9012,copernicus_glo30
874.50,6.8314,94.2700,copernicus_glo30
875.00,7.0203,97.7300,copernicus_glo30
875.50,7.2291,101.2876,copernicus_glo30
876.00,7.4313,104.9472,copernicus_glo30
876.50,7.6468,108.7110,copernicus_glo30
877.00,7.8709,112.5910,copernicus_glo30
877.50,8.0845,116.5746,copernicus_glo30
878.00,8.3247,120.6717,copernicus_glo30
878.50,8.5686,124.8898,copernicus_glo30
879.00,8.8231,129.2306,copernicus_glo30
879.50,9.0500,133.6968,copernicus_glo30
880.00,9.2863,138.2805,copernicus_glo30
880.50,9.5531,142.9867,copernicus_glo30
881.00,9.8085,147.8232,copernicus_glo30
881.50,10.0800,152.7940,copernicus_glo30
882.00,10.3439,157.9011,copernicus_glo30
882.50,10.5926,163.1373,copernicus_glo30
883.00,10.8632,168.5014,copernicus_glo30
883.50,11.1318,173.9974,copernicus_glo30
884.00,11.4290,179.6375,copernicus_glo30
884.50,11.7128,185.4195,copernicus_glo30
885.00,12.0005,191.3423,copernicus_glo30
885.50,12.2938,197.4155,copernicus_glo30
886.00,12.5729,203.6293,copernicus_glo30
886.50,12.8197,209.9798,copernicus_glo30
887.00,13.1140,216.4607,copernicus_glo30
887.50,13.3874,223.0866,copernicus_glo30
888.00,13.6694,229.8489,copernicus_glo30
888.50,13.9665,236.7551,copernicus_glo30
889.00,14.2390,243.7998,copernicus_glo30
889.50,14.5209,250.9939,copernicus_glo30
890.00,14.8266,258.3275,copernicus_glo30
890.50,15.1285,265.8098,copernicus_glo30
891.00,15.4276,273.4476,copernicus_glo30
891.50,15.7105,281.2309,copernicus_glo30
892.00,16.0095,289.1593,copernicus_glo30
892.50,16.3085,297.2404,copernicus_glo30
893.00,16.6066,305.4655,copernicus_glo30
893.50,16.9228,313.8440,copernicus_glo30
894.00,17.2019,322.3798,copernicus_glo30
894.50,17.4724,331.0462,copernicus_glo30
895.00,17.7857,339.8587,copernicus_glo30
895.50,18.1142,348.8359,copernicus_glo30
896.00,18.4426,357.9797,copernicus_glo30
896.50,18.7759,367.2778,copernicus_glo30
897.00,19.0967,376.7451,copernicus_glo30
897.50,19.4470,386.3829,copernicus_glo30
898.00,19.8087,396.1970,copernicus_glo30
898.50,20.1068,406.1743,copernicus_glo30
899.00,20.4324,416.3087,copernicus_glo30
899.50,20.7495,426.6041,copernicus_glo30
900.00,21.0875,437.0635,copernicus_glo30
900.50,21.4406,447.6963,copernicus_glo30
901.00,21.7928,458.4973,copernicus_glo30
901.50,22.1631,469.4778,copernicus_glo30
902.00,22.4991,480.6370,copernicus_glo30
902.50,22.8324,491.9639,copernicus_glo30
903.00,23.1884,503.4637,copernicus_glo30
903.50,23.5662,515.1444,copernicus_glo30
904.00,23.9279,527.0140,copernicus_glo30
904.50,24.2905,539.0591,copernicus_glo30
905.00,24.6741,551.2919,copernicus_glo30
905.50,25.0699,563.7222,copernicus_glo30
906.00,25.4772,576.3533,copernicus_glo30
906.50,25.8361,589.1785,copernicus_glo30
907.00,26.2063,602.1825,copernicus_glo30
907.50,26.5908,615.3710,copernicus_glo30
908.00,26.9895,628.7636,copernicus_glo30
908.50,27.4338,642.3686,copernicus_glo30
909.00,27.8344,656.1808,copernicus_glo30
909.50,28.2274,670.1886,copernicus_glo30
910.00,28.6394,684.3956,copernicus_glo30
910.50,29.0742,698.8229,copernicus_glo30
911.00,29.5204,713.4735,copernicus_glo30
911.50,29.9334,728.3297,copernicus_glo30
912.00,30.3587,743.3957,copernicus_glo30
827.50,0.0000,0.0000,srtm
828.00,0.0009,0.0000,srtm
828.50,0.0009,0.0005,srtm
829.00,0.0019,0.0009,srtm
829.50,0.0019,0.0019,srtm
830.00,0.0038,0.0028,srtm
830.50,0.0038,0.0047,srtm
831.00,0.0076,0.0066,srtm
831.50,0.0076,0.0104,srtm
832.00,0.0095,0.0142,srtm
832.50,0.0095,0.0190,srtm
833.00,0.0114,0.0237,srtm
833.50,0.0114,0.0294,srtm
834.00,0.0114,0.0351,srtm
834.50,0.0114,0.0408,srtm
835.00,0.0209,0.0465,srtm
835.50,0.0209,0.0570,srtm
836.00,0.0399,0.0674,srtm
836.50,0.0399,0.0873,srtm
837.00,0.0627,0.1073,srtm
837.50,0.0627,0.1386,srtm
838.00,0.0883,0.1699,srtm
838.50,0.0883,0.2141,srtm
839.00,0.1424,0.2582,srtm
839.50,0.1424,0.3294,srtm
840.00,0.1956,0.4006,srtm
840.50,0.1956,0.4984,srtm
841.00,0.2696,0.5962,srtm
841.50,0.2696,0.7310,srtm
842.00,0.3456,0.8658,srtm
842.50,0.3456,1.0386,srtm
843.00,0.4490,1.2113,srtm
843.50,0.4490,1.4359,srtm
844.00,0.5364,1.6604,srtm
844.50,0.5364,1.9286,srtm
845.00,0.6503,2.1967,srtm
845.50,0.6503,2.5219,srtm
846.00,0.7974,2.8470,srtm
846.50,0.7974,3.2458,srtm
847.00,0.9474,3.6445,srtm
847.50,0.9474,4.1182,srtm
848.00,1.1060,4.5919,srtm
848.50,1.1060,5.1449,srtm
849.00,1.2626,5.6979,srtm
849.50,1.2626,6.3292,srtm
850.00,1.3917,6.9605,srtm
850.50,1.3917,7.6563,srtm
851.00,1.5578,8.3522,srtm
851.50,1.5578,9.1311,srtm
852.00,1.7211,9.9100,srtm
852.50,1.7211,10.7706,srtm
853.00,1.8844,11.6312,srtm
853.50,1.8844,12.5734,srtm
854.00,2.0562,13.5156,srtm
854.50,2.0562,14.5437,srtm
855.00,2.2062,15.5718,srtm
855.50,2.2062,16.6749,srtm
856.00,2.3933,17.7781,srtm
856.50,2.3933,18.9747,srtm
857.00,2.5784,20.1713,srtm
857.50,2.5784,21.4605,srtm
858.00,2.7654,22.7497,srtm
858.50,2.7654,24.1324,srtm
859.00,2.9458,25.5151,srtm
859.50,2.9458,26.9880,srtm
860.00,3.1546,28.4608,srtm
860.50,3.1546,30.0382,srtm
861.00,3.3635,31.6155,srtm
861.50,3.3635,33.2972,srtm
862.00,3.6074,34.9789,srtm
862.50,3.6074,36.7827,srtm
863.00,3.8419,38.5864,srtm
863.50,3.8419,40.5073,srtm
864.00,4.1058,42.4283,srtm
864.50,4.1058,44.4812,srtm
865.00,4.4077,46.5342,srtm
865.50,4.4077,48.7380,srtm
866.00,4.7286,50.9419,srtm
866.50,4.7286,53.3062,srtm
867.00,5.0333,55.6705,srtm
867.50,5.0333,58.1872,srtm
868.00,5.3495,60.7038,srtm
868.50,5.3495,63.3786,srtm
869.00,5.6618,66.0533,srtm
869.50,5.6618,68.8842,srtm
870.00,6.0036,71.7151,srtm
870.50,6.0036,74.7169,srtm
871.00,6.4089,77.7186,srtm
871.50,6.4089,80.9231,srtm
872.00,6.7962,84.1275,srtm
872.50,6.7962,87.5257,srtm
873.00,7.2225,90.9238,srtm
873.50,7.2225,94.5350,srtm
874.00,7.6326,98.1463,srtm
874.50,7.6326,101.9626,srtm
875.00,8.0845,105.7789,srtm
875.50,8.0845,109.8211,srtm
876.00,8.6284,113.8634,srtm
876.50,8.6284,118.1776,srtm
877.00,9.1411,122.4918,srtm
877.50,9.1411,127.0624,srtm
878.00,9.6737,131.6329,srtm
878.50,9.6737,136.4697,srtm
879.00,10.2442,141.3066,srtm
879.50,10.2442,146.4287,srtm
880.00,10.7597,151.5508,srtm
880.50,10.7597,156.9306,srtm
881.00,11.2932,162.3105,srtm
881.50,11.2932,167.9571,srtm
882.00,11.8381,173.6037,srtm
882.50,11.8381,179.5228,srtm
883.00,12.3508,185.4418,srtm
883.50,12.3508,191.6172,srtm
884.00,12.8615,197.7926,srtm
884.50,12.8615,204.2234,srtm
885.00,13.3893,210.6541,srtm
885.50,13.3893,217.3488,srtm
886.00,13.9827,224.0435,srtm
886.50,13.9827,231.0348,srtm
887.00,14.5371,238.0261,srtm
887.50,14.5371,245.2947,srtm
888.00,15.1276,252.5632,srtm
888.50,15.1276,260.1270,srtm
889.00,15.7067,267.6908,srtm
889.50,15.7067,275.5441,srtm
890.00,16.2763,283.3974,srtm
890.50,16.2763,291.5356,srtm
891.00,16.8819,299.6737,srtm
891.50,16.8819,308.1147,srtm
892.00,17.4905,316.5556,srtm
892.50,17.4905,325.3009,srtm
893.00,18.1284,334.0461,srtm
893.50,18.1284,343.1103,srtm
894.00,18.7673,352.1745,srtm
894.50,18.7673,361.5582,srtm
895.00,19.4195,370.9418,srtm
895.50,19.4195,380.6516,srtm
896.00,20.1116,390.3613,srtm
896.50,20.1116,400.4171,srtm
897.00,20.7770,410.4729,srtm
897.50,20.7770,420.8614,srtm
898.00,21.4492,431.2499,srtm
898.50,21.4492,441.9745,srtm
899.00,22.1887,452.6991,srtm
899.50,22.1887,463.7934,srtm
900.00,22.9026,474.8878,srtm
900.50,22.9026,486.3391,srtm
901.00,23.6032,497.7904,srtm
901.50,23.6032,509.5920,srtm
902.00,24.3086,521.3936,srtm
902.50,24.3086,533.5479,srtm
903.00,25.0633,545.7022,srtm
903.50,25.0633,558.2338,srtm
904.00,25.8664,570.7655,srtm
904.50,25.8664,583.6987,srtm
905.00,26.5841,596.6319,srtm
905.50,26.5841,609.9240,srtm
906.00,27.2743,623.2160,srtm
906.50,27.2743,636.8532,srtm
907.00,28.0005,650.4903,srtm
907.50,28.0005,664.4906,srtm
908.00,28.6499,678.4908,srtm
908.50,28.6499,692.8158,srtm
909.00,29.2157,707.1407,srtm
909.50,29.2157,721.7486,srtm
910.00,29.5935,736.3564,srtm
910.50,29.5935,751.1532,srtm
911.00,29.8745,765.9499,srtm
911.50,29.8745,780.8872,srtm
912.00,30.0445,795.8245,srtm
