item,value,unit,source_url,source_date,confidence,notes
full_supply_level,912,m a.s.l.,https://www.irrigation.go.ke/sites/default/files/downloads/ENVIRONMENT%20SOCIAL%20IMPACT%20ASSESSMENT%20(ESIA)%20-%20THWAKE%20MULTIPURPOSE%20WATER%20DEVELOPMENT%20PROGRAM%20(Final).pdf,2025-05,high,Current design (SMEC 2018) per ESIA §2.4 'New Design Parameters'. Same FSL in Samez 2009 (§2.2) and CAS 2014 designs. Human-verified by the author 2026-10-10 (ESIA §2.4; §2.3: 'the contour line 912 MASl represents this volume').
full_supply_level,912,m a.s.l.,https://water.go.ke/sites/default/files/2025-01/TERMS%20OF%20REFERENCE%20FOR%20CONSULTING%20SERVICES%20FOR%20ATHI%20RIVER%20BASIN%20MODELLING.pdf,2019-01,high,"CAS 2014 design salient features: 'NWL 912m' / 'Normal Water Level 912 masl'. The prose in the same doc calls 912 the 'crest elevation', which contradicts its own table (crest 917 m)."
storage_capacity_at_fsl,688,million m3,https://www.irrigation.go.ke/sites/default/files/downloads/ENVIRONMENT%20SOCIAL%20IMPACT%20ASSESSMENT%20(ESIA)%20-%20THWAKE%20MULTIPURPOSE%20WATER%20DEVELOPMENT%20PROGRAM%20(Final).pdf,2025-05,high,Current design (80.5 m dam). Same figure in Ministry ToRs 2020 and Oct 2024. Human-verified by the author 2026-10-10 (ESIA §2.4; §2.3: 'the contour line 912 MASl represents this volume').
storage_capacity_at_fsl,688,million m3,https://water.go.ke/sites/default/files/2025-01/TOR-CONSULTANCY%20SERVICES%20TO%20UNDERTAKE%20STAKEHOLDER%20AWARENESS%20AND%20COMMUNITY%20SENSITIZATION%20COMMUNICATION%20CAMPAIGNS%20ON%20DAM%20BREAK%20AND%20EMERGENCY%20PREPAREDNESS%20.pdf,2024-10,high,'80.5m high multi-purpose dam with storage capacity of 688 million cubic meter'.
storage_capacity_at_fsl,681,million m3,https://water.go.ke/sites/default/files/2025-01/TERMS%20OF%20REFERENCE%20FOR%20CONSULTING%20SERVICES%20FOR%20ATHI%20RIVER%20BASIN%20MODELLING.pdf,2019-01,medium,"SUPERSEDED: CAS 2014 design (77 m dam), 'Storage Capacity (NWL)'. Source of the 681 figure seen in older reports."
storage_capacity_at_fsl,825,million m3,https://www.irrigation.go.ke/sites/default/files/downloads/ENVIRONMENT%20SOCIAL%20IMPACT%20ASSESSMENT%20(ESIA)%20-%20THWAKE%20MULTIPURPOSE%20WATER%20DEVELOPMENT%20PROGRAM%20(Final).pdf,2025-05,medium,"SUPERSEDED: Samez 2009 preliminary design (84 m dam, FSL 912), as summarised in ESIA §2.2."
storage_capacity_web_figure,668,million m3,https://www.smec.com/project/thwake-multipurpose-water-development-project-2/,accessed 2026-10-09,low,Stat callout on SMEC project page. No other source gives 668; probably a typo for 688. Do not use.
dead_storage,231,million m3,https://water.go.ke/sites/default/files/2025-01/TERMS%20OF%20REFERENCE%20FOR%20CONSULTING%20SERVICES%20FOR%20ATHI%20RIVER%20BASIN%20MODELLING.pdf,2019-01,low,SUPERSEDED CAS 2014 design (50-yr sediment allowance; live storage 450 MCM). Current-design value not found.
minimum_operating_level,862,m a.s.l.,https://water.go.ke/sites/default/files/2025-01/TERMS%20OF%20REFERENCE%20FOR%20CONSULTING%20SERVICES%20FOR%20ATHI%20RIVER%20BASIN%20MODELLING.pdf,2019-01,low,SUPERSEDED CAS 2014 design; same table gives dead water level 860 m.
river_bed_level_at_dam,840,m a.s.l.,https://water.go.ke/sites/default/files/2025-01/TERMS%20OF%20REFERENCE%20FOR%20CONSULTING%20SERVICES%20FOR%20ATHI%20RIVER%20BASIN%20MODELLING.pdf,2019-01,medium,CAS 2014 design table 'Bed Level 840m'. 840 + 80.5 m height = 920.5 m (cf. crest below).
dam_height,80.5,m,https://www.irrigation.go.ke/sites/default/files/downloads/ENVIRONMENT%20SOCIAL%20IMPACT%20ASSESSMENT%20(ESIA)%20-%20THWAKE%20MULTIPURPOSE%20WATER%20DEVELOPMENT%20PROGRAM%20(Final).pdf,2025-05,high,Current design. History: 84 m (Samez 2009 / 2013 NEMA licence) -> 77-77.5 m (CAS 2014 / 2016 tender) -> 80.5 m (SMEC 2018).
dam_height,80.5,m,https://water.go.ke/sites/default/files/2025-01/TOR-CONSULTANCY%20SERVICES%20TO%20UNDERTAKE%20STAKEHOLDER%20AWARENESS%20AND%20COMMUNITY%20SENSITIZATION%20COMMUNICATION%20CAMPAIGNS%20ON%20DAM%20BREAK%20AND%20EMERGENCY%20PREPAREDNESS%20.pdf,2024-10,high,'Thwake Dam is a large dam as it is 80.5m'.
dam_type,Concrete-face rockfill dam (CFRD),,https://www.irrigation.go.ke/sites/default/files/downloads/ENVIRONMENT%20SOCIAL%20IMPACT%20ASSESSMENT%20(ESIA)%20-%20THWAKE%20MULTIPURPOSE%20WATER%20DEVELOPMENT%20PROGRAM%20(Final).pdf,2025-05,high,Changed from earthfill with clay core in the 2009 design.
maximum_flood_level,920.5,m a.s.l.,https://www.irrigation.go.ke/sites/default/files/downloads/ENVIRONMENT%20SOCIAL%20IMPACT%20ASSESSMENT%20(ESIA)%20-%20THWAKE%20MULTIPURPOSE%20WATER%20DEVELOPMENT%20PROGRAM%20(Final).pdf,2025-05,high,"ESIA §2.4; freeboard 8.5 m above FSL. Raised from 918.5 m after PMF revised to 11,480 m3/s. Human-verified by the author 2026-10-10 (ESIA §2.4; §2.3: 'the contour line 912 MASl represents this volume')."
dam_crest_elevation,920.5,m a.s.l.,https://www.pietrangeli.com/thwake-multipurpose-dam-kenya-africa/,accessed 2026-10-09,medium,Dam-safety review consultant (2019-). Conflicts with ESIA labelling 920.5 as max flood level; see open question 16.
dam_crest_length,1500,m,https://www.irrigation.go.ke/sites/default/files/downloads/ENVIRONMENT%20SOCIAL%20IMPACT%20ASSESSMENT%20(ESIA)%20-%20THWAKE%20MULTIPURPOSE%20WATER%20DEVELOPMENT%20PROGRAM%20(Final).pdf,2025-05,medium,"ESIA §2.4; same report's text gives dam-axis length 1,560 m. Plus 2 saddle dams (250 m Makueni side, 200 m Kitui side)."
reservoir_area_at_fsl,29,km2,https://www.irrigation.go.ke/sites/default/files/downloads/ENVIRONMENT%20SOCIAL%20IMPACT%20ASSESSMENT%20(ESIA)%20-%20THWAKE%20MULTIPURPOSE%20WATER%20DEVELOPMENT%20PROGRAM%20(Final).pdf,2025-05,medium,"'2,900 hectares spanning from the embankment to about 12 km upstream'. Design figure, also in ToRs 2019/2020/2024."
catchment_area,10276,km2,https://water.go.ke/sites/default/files/2025-01/TOR-CONSULTANCY%20SERVICES%20TO%20UNDERTAKE%20STAKEHOLDER%20AWARENESS%20AND%20COMMUNITY%20SENSITIZATION%20COMMUNICATION%20CAMPAIGNS%20ON%20DAM%20BREAK%20AND%20EMERGENCY%20PREPAREDNESS%20.pdf,2024-10,high,"ESIA §2.4 and Studio Pietrangeli give 10,272 km2."
construction_commencement,2018-03-27,date,https://water.go.ke/sites/default/files/2025-01/TOR-CONSULTANCY%20SERVICES%20TO%20UNDERTAKE%20STAKEHOLDER%20AWARENESS%20AND%20COMMUNITY%20SENSITIZATION%20COMMUNICATION%20CAMPAIGNS%20ON%20DAM%20BREAK%20AND%20EMERGENCY%20PREPAREDNESS%20.pdf,2024-10,high,'The Dam Construction site was handed over to the Contractor on 27th March 2018 which was also the commencement date of the works.' Both DEMs (SRTM 2000; Copernicus GLO-30 2011-2015) were acquired before this date.
river_diversion,2021-12,date,https://www.smec.com/project/thwake-multipurpose-water-development-project-2/,accessed 2026-10-09,medium,'Late in December 2021' the Athi River was diverted into the two diversion tunnels.
impoundment_status,not started,,https://thecountydiary.co.ke/2026/10/thwake-dam-hits-95-completion-as-government-targets-january-2027-for-water-impounding/,2026-10-09,medium,Reports dam ~95% complete after PS site visit; impounding targeted by end Jan 2027. Re-check monthly.
impoundment_target,2027-01 (by end of month),date,https://www.the-star.co.ke/counties/eastern/2026-09-01-construction-of-thwake-dam-resumes,2026-09-01,medium,"PROJECTION, not an event. Water Secretary Eng. Samuel Alima at dam site: works to complete in ~8 months, fill by end Jan 2027. Earlier targets (Apr-Jun 2026; Oct-Nov 2026) slipped."
athi_thwake_confluence,"-1.78099, 37.84029","decimal degrees (lat, lon; WGS84)",https://www.openstreetmap.org/way/327750821,accessed 2026-10-09,medium,"OSM junction of Athi way 39087962, Thwake way 261335962 and downstream Athi way 327750821 (lines traced from Landsat). Independent: GeoNames 'Thwake' stream at -1.780517, 37.839671 (~70 m away). Data (c) OpenStreetMap contributors, ODbL."
dam_wall_location,"-1.789, 37.844","decimal degrees (lat, lon; WGS84)",https://www.openstreetmap.org/way/327750821,accessed 2026-10-09,low,"ESTIMATE (not a published value): point ~1.0 km downstream of the confluence along OSM Athi way 327750821, per official '1 km downstream of the confluence' (ToR 2024; ESIA 2025). ESIA: wall joins Kathukuni Hill (Makueni) and Kilisa Hill (Kitui). Verify/digitise on Sentinel-2 in prompt 03. SUPERSEDED for the pipeline by dam_axis_digitised (prompt 03)."
dam_axis_digitised,"-1.79363, 37.84005 to -1.78505, 37.85021","decimal degrees (lat, lon; WGS84), SW end to NE end",https://developers.google.com/earth-engine/datasets/catalog/COPERNICUS_S2_SR_HARMONIZED,2026-06/2026-09,high,"DIGITISED by agent on 2026-10-09 (prompt 03), not a published value: visible ends of the embankment crest on a Sentinel-2 L2A median composite (Cloud Score+ >= 0.6), read to about +/-20 m. Length ~1,476 m vs ESIA crest 1,500 m (axis 1,560 m). Midpoint ~-1.7893, 37.8451. Used as config dam.wall_axis. HUMAN-VERIFIED 2026-10-09 on Google Earth imagery dated 2024-06-25: both points at the crest ends against the abutment hills; length ~1.5 km."
esia_stated_coordinates,"-1.76667, 37.7167","decimal degrees (lat, lon)",https://www.irrigation.go.ke/sites/default/files/downloads/ENVIRONMENT%20SOCIAL%20IMPACT%20ASSESSMENT%20(ESIA)%20-%20THWAKE%20MULTIPURPOSE%20WATER%20DEVELOPMENT%20PROGRAM%20(Final).pdf,2025-05,low,"DO NOT USE for the dam wall: identical to the GeoNames gazetteer point for 'Thwake Sub-Surface Dam' (https://www.geonames.org/search.html?q=Thwake&country=KE), ~14 km west of the confluence."
hydropower_capacity,20,MW,https://water.go.ke/sites/default/files/2025-01/TOR-CONSULTANCY%20SERVICES%20TO%20UNDERTAKE%20STAKEHOLDER%20AWARENESS%20AND%20COMMUNITY%20SENSITIZATION%20COMMUNICATION%20CAMPAIGNS%20ON%20DAM%20BREAK%20AND%20EMERGENCY%20PREPAREDNESS%20.pdf,2024-10,high,'installed capacity of approximately 20 MW' (later phase). Also ESIA 2025 and SMEC page.
irrigation_area,40000,ha,https://water.go.ke/sites/default/files/2025-01/TOR-CONSULTANCY%20SERVICES%20TO%20UNDERTAKE%20STAKEHOLDER%20AWARENESS%20AND%20COMMUNITY%20SENSITIZATION%20COMMUNICATION%20CAMPAIGNS%20ON%20DAM%20BREAK%20AND%20EMERGENCY%20PREPAREDNESS%20.pdf,2024-10,high,"'ultimately irrigate 40,000 hectares (approx. 100,000 acres)' (later phase)."
water_supply,150000,m3/day,https://water.go.ke/sites/default/files/2025-01/TOR-CONSULTANCY%20SERVICES%20TO%20UNDERTAKE%20STAKEHOLDER%20AWARENESS%20AND%20COMMUNITY%20SENSITIZATION%20COMMUNICATION%20CAMPAIGNS%20ON%20DAM%20BREAK%20AND%20EMERGENCY%20PREPAREDNESS%20.pdf,2024-10,high,Treated water for ~1.3 million people in rural Kitui and Makueni counties and Konza Techno City (Machakos County) (later phase).
funders,Government of Kenya; African Development Bank,,https://www.irrigation.go.ke/sites/default/files/downloads/ENVIRONMENT%20SOCIAL%20IMPACT%20ASSESSMENT%20(ESIA)%20-%20THWAKE%20MULTIPURPOSE%20WATER%20DEVELOPMENT%20PROGRAM%20(Final).pdf,2025-05,high,'The African Development Bank (AfDB) and the Government of Kenya (GoK) jointly fund the project'. ToR 2024 cover cites ADF Grant No. 2100155025973.
additional_financing_2026,68.39,million EUR,https://www.energyglobal.com/other-renewables/18062026/,2026-06-18,medium,AfDB Group additional financing to complete Phase I.
main_contractor,China Gezhouba Group Company Ltd,,https://www.irrigation.go.ke/sites/default/files/downloads/ENVIRONMENT%20SOCIAL%20IMPACT%20ASSESSMENT%20(ESIA)%20-%20THWAKE%20MULTIPURPOSE%20WATER%20DEVELOPMENT%20PROGRAM%20(Final).pdf,2025-05,high,Supervising engineer: SMEC International / SMEC Kenya.
storage_capacity_at_fsl,681,million m3,https://www.afdb.org/fileadmin/uploads/afdb/Documents/Project-and-Operations/Kenya_-_Thwake_Multi-Purpose_Water_Development_Program_%E2%80%93_Phase_I_-_Appraisal_Report.pdf,2013-10,high,"SUPERSEDED (2013 appraisal design, 77 m dam): 34 MCM human consumption + 625 MCM hydropower/downstream irrigation + 22 MCM upstream irrigation."
storage_capacity_indicator_target,688,thousand m3 (as printed 'm3y'; = 688 MCM),https://www.afdb.org/sites/default/files/documents/projects-and-operations/kenya_-_thwake_multipurpose_water_development_program_phase_1_-_p-ke-e00-008_-_ipr_june_2024.pdf,2024-06-28,high,"AfDB results indicator 'Increased storage for water' target 688,000; value at mission 426,560 (61.65%, a reporting metric, not physical storage)."
dam_height,77,m,https://www.afdb.org/fileadmin/uploads/afdb/Documents/Project-and-Operations/Kenya_-_Thwake_Multi-Purpose_Water_Development_Program_%E2%80%93_Phase_I_-_Appraisal_Report.pdf,2013-10,high,SUPERSEDED: appraisal financial model chose 77 m as optimal; current design 80.5 m.
dam_axis_length_design,1560,m,https://www.irrigation.go.ke/sites/default/files/downloads/ENVIRONMENT%20SOCIAL%20IMPACT%20ASSESSMENT%20(ESIA)%20-%20THWAKE%20MULTIPURPOSE%20WATER%20DEVELOPMENT%20PROGRAM%20(Final).pdf,2025-05,high,"2018 design increased the dam axis from 1,495 m to 1,560 m (ESIA 2025). Our digitised visible crest is ~1,476 m (dam_axis_digitised)."
reservoir_area_at_fsl_esia_wording,2900,ha,https://www.irrigation.go.ke/sites/default/files/downloads/ENVIRONMENT%20SOCIAL%20IMPACT%20ASSESSMENT%20(ESIA)%20-%20THWAKE%20MULTIPURPOSE%20WATER%20DEVELOPMENT%20PROGRAM%20(Final).pdf,2025-05,medium,"ESIA states twice: 'The dam reservoir will physically cover 2,900 hectares, spanning from the embankment to about 12 km upstream'. Same number (2,900 ha) is used by AfDB (2013, 2024) for 'watershed protected/rehabilitated' - different indicator."
watershed_protected_target,2900,ha,https://www.afdb.org/sites/default/files/documents/projects-and-operations/kenya_-_thwake_multipurpose_water_development_program_phase_1_-_p-ke-e00-008_-_ipr_june_2024.pdf,2024-06-28,high,"AfDB indicator: hectares of watershed protected/rehabilitated (2,059 ha achieved, 71%). NOT the reservoir area."
land_acquired,9217,"acres (9,158 + 59) = ~37.3 km2",https://www.afdb.org/sites/default/files/documents/projects-and-operations/kenya_-_thwake_multipurpose_water_development_program_phase_1_-_p-ke-e00-008_-_ipr_june_2024.pdf,2024-06-28,high,"Initial acquisition 9,158 acres (1,792 PAPs) + additional 59 acres (29 PAPs). Covers reservoir, buffer and works; cross-check for max extent (30.4 km2) and AOI (35.1 km2)."
physical_progress,92,% (overall),https://www.afdb.org/sites/default/files/documents/projects-and-operations/kenya_-_thwake_multipurpose_water_development_program_phase_1_-_p-ke-e00-008_-_ipr_june_2024.pdf,2024-06-28,high,"Supervision mission Jun 2024: embankment rockfill 81%, spillway 94%, tunnels 95%, hydro-mechanical 45%, intake tower 41%, low-level outlet 60%."
completion_date_contractual,2022-11-04 / 2024-02-06 / 2024-12-07,dates,https://www.afdb.org/sites/default/files/documents/projects-and-operations/kenya_-_thwake_multipurpose_water_development_program_phase_1_-_p-ke-e00-008_-_ipr_june_2024.pdf,2024-06-28,high,"Original contractual completion, first EOT, second EOT - all missed. Appraisal (2013) expected completion Dec 2018."
saddle_dams,"2 (250 m, 200 m)","count, length",https://www.irrigation.go.ke/sites/default/files/downloads/ENVIRONMENT%20SOCIAL%20IMPACT%20ASSESSMENT%20(ESIA)%20-%20THWAKE%20MULTIPURPOSE%20WATER%20DEVELOPMENT%20PROGRAM%20(Final).pdf,2025-05,high,Proposed in the 2025 design variation at 'the low points immediately after the dam axis on both ends' for the 920.5 m max flood level. Not visible on Google Earth 2025-02-27 at pass (a).
resettlement,1067 households / 5736 persons (2013); 1819 of 1821 PAPs compensated (2024),,https://www.afdb.org/sites/default/files/documents/projects-and-operations/kenya_-_thwake_multipurpose_water_development_program_phase_1_-_p-ke-e00-008_-_ipr_june_2024.pdf,2024-06-28,high,Area-level context only (AGENTS.md rule 9). Appraisal figure from https://www.afdb.org/fileadmin/uploads/afdb/Documents/Project-and-Operations/Kenya_-_Thwake_Multi-Purpose_Water_Development_Program_%E2%80%93_Phase_I_-_Appraisal_Report.pdf
