reservoir,item,value,unit,value_date,source_url,source_date,confidence,notes
masinga,water_level,1039.42,m a.s.l.,2023-11-06,https://www.kengen.co.ke/kengen-steps-up-geothermal-to-curb-suppressed-inflows-at-the-large-hydropower-dams/,2023-11-07,high,"KenGen press release: 'As of yesterday midnight ... recorded water levels of 1,039.42 meters above sea level (mASL)'. Lowest Sentinel-era level found; ~2.4 m above the 1,037 m minimum operating level."
masinga,water_level,1056,m a.s.l.,2024-02-02/2024-02-05,https://www.kengen.co.ke/kengen-steps-up-hydrogeneration-on-high-water-levels-to-stabilize-electricity-costs/,2024-02-05,low,"KenGen press release: 'near maximum water levels of 1,056 meters above sea level (mASL), over the last three days'. Rounded to the metre and approximate ('near'); use only as a range check, not for % difference."
masinga,water_level,1058.22,m a.s.l.,2024-05-02,https://www.the-star.co.ke/news/2024-05-02-masinga-dam-now-full-to-the-brim-says-kengen,2024-05-02,medium,"KenGen statement quoted by The Star (published 2024-05-02 15:39); reading date not stated, assumed same day. Record high, above the 1,056.50 m FSL (spilling). Previous record 1,058.13 m in May 2020 (no day given)."
masinga,water_level,1056.97,m a.s.l.,2025-05-21/2025-05-28,https://www.kengen.co.ke/kenyas-largest-dam-holds-as-hydropower-faces-climate-test/,2025-05-28,medium,"KenGen press release: '1,056.97 meters above sea level (m.a.s.l.), surpassing the maximum level of 1,056.50'. Reading date given only as 'this week'."
masinga,water_level,1054.49,m a.s.l.,2025-12-08,https://allafrica.com/stories/202512080380.html,2025-12-08,medium,"Capital FM (republished by AllAfrica) citing KenGen 'current readings': '1,054.49 meters against a maximum of 1,056.50 and a minimum operational level of 1,037 meters'. Exact reading day not stated; around 2025-12-08."
masinga,water_level,1056.54,m a.s.l.,2026-04-28,https://www.the-star.co.ke/news/2026-04-30-high-water-levels-boost-kengen-output-ease-pressure-on-power-cost,2026-04-30,high,"KNA via The Star, from KenGen reservoir readings: 'On April 28, Masinga stood at 1,056.54 metres'."
masinga,water_level,1057.43,m a.s.l.,2026-04-29/2026-05-06,https://capitalfm.africa/kenya-hydropower-boost-heavy-rains-kengen-dams/,2026-05-06,medium,"Capital FM citing KenGen: 'reaching 1,057.43 metres above sea level', controlled spillage under way. Reading date not stated."
masinga,water_level,1035.5,m a.s.l.,2009-06-26,https://capitalfm.africa/kengen-closes-masinga-dam/,2009-06-30,high,"KenGen (acting MD) on closing the station: 'dam level at the time of closure on June 26 ... was at 1035.5 metres above sea level'. Pre-Sentinel: context only (shows the operating range), not compared."
masinga,full_supply_level,1056.5,m a.s.l.,,https://www.the-star.co.ke/news/2024-05-02-masinga-dam-now-full-to-the-brim-says-kengen,2024-05-02,high,"KenGen: 'full supply level of 1,056.50 meters'. Same value in the KenGen statements of 2025-05-28 and 2025-12-08 ('maximum')."
masinga,minimum_operating_level,1037,m a.s.l.,,https://allafrica.com/stories/202512080380.html,2025-12-08,high,"KenGen: 'minimum operational level of 1,037 meters'. Same in the KenGen release of 2023-11-07."
masinga,surface_area_at_fsl,120,km2,,https://en.wikipedia.org/wiki/Masinga_Hydroelectric_Power_Station,2026-10-10,low,"Wikipedia, citing TARDA (https://tarda.go.ke/masinga-dam-reservoir/, could not be opened: TLS certificate error). Design value, 1981; ⚠️ verify. Other secondary sources give 125 km² (Bunyasi et al. 2013, not opened); treat as approximate."
masinga,storage_capacity_at_fsl,1560,million m3,,https://en.wikipedia.org/wiki/Masinga_Hydroelectric_Power_Station,2026-10-10,low,"Design capacity, citing TARDA (not opened); ⚠️ verify. Sedimentation has reduced it: ~6% lost in 1981–88 (Maingi, hydrographic resurvey) and ~13.6% by 2011 (Bunyasi et al. 2013); neither opened. Not used: there is no pre-dam DEM for Masinga (built 1981), so our volume cannot be compared."
